X,frankfurt_urban_n_vehicles.MA[3].udp/rcvdPk:vector(packetBytes),frankfurt_urban_n_vehicles.MA[3].udpApp[0]/rcvdPk:vector(packetBytes)
39.971952147727,1032,1024
39.978239811803,1032,1024
40.03230356535,1032,1024
40.094975137275,1032,1024
40.194393210417,1032,1024
40.259740704077,1032,1024
40.305731019008,1032,1024
40.435851330438,1032,1024
40.441221654378,1032,1024
